{"accuracy": [0.5786328911781311, 0.8499466776847839, 0.9098513126373291, 0.937591552734375, 0.9533821940422058, 0.964648962020874, 0.9715484976768494, 0.9756312966346741, 0.978888988494873, 0.9812362194061279], "loss": [1.4360305070877075, 0.4743211567401886, 0.2782518267631531, 0.1893719881772995, 0.14220978319644928, 0.10836998373270035, 0.08716261386871338, 0.07533671706914902, 0.06597689539194107, 0.05601714551448822], "val_accuracy": [0.8417937755584717, 0.9105395078659058, 0.9326200485229492, 0.9392784237861633, 0.9501479864120483, 0.9551559090614319, 0.9593671560287476, 0.9717732667922974, 0.968529462814331, 0.9694969058036804], "val_loss": [0.5130167007446289, 0.2861248254776001, 0.210591122508049, 0.19819851219654083, 0.15476162731647491, 0.14428211748600006, 0.1325521618127823, 0.10005402565002441, 0.10624133795499802, 0.10994653403759003]}